supplier_name,total_contract_gbp,number_of_awards
Galliford Try Construction Limited,6213000000.00,2
MWH TREATMENT LIMITED,6200000000.00,1
Kier Integrated Services Limited,6200000000.00,1
COSTAIN LIMITED,6200000000.00,1
Morrison Water Services Limited,6200000000.00,1
SmartestEnergy Limited,1000000000.00,1
Clancy Docwra Limited,700000000.00,1
Barhale Limited,700000000.00,1
J Browne Construction Limited,700000000.00,1
Morrisons Water Services Limited,700000000.00,1
United Living Infrastructure Services,700000000.00,1
Cappagh Browne Utilities Limited,459000000.00,2
MID KENT ELECTRICAL ENGINEERING COMPANY LIMITED,371440000.00,2
Knowlton and Newman Ltd,371440000.00,2
Bridges Electrical Engineers Ltd,341536000.00,3
Horizon Water Infrastructure Limited,338072984.00,1
ECOGENR8 LIMITED,328536000.00,2
Z-TECH CONTROL SYSTEMS LIMITED,328536000.00,2
AR-CONTROL SYSTEMS LIMITED,328536000.00,2
ECONOTECH LIMITED,328536000.00,2
McAllister Bros. Ltd,272000000.00,1
Lanes Group Plc,272000000.00,1
ERIKS Industrial Services Ltd,254000000.00,2
STANTEC UK LIMITED,246500000.00,2
MOTT MACDONALD LIMITED,246500000.00,2
WSP UK LIMITED,246500000.00,2
BINNIES UK LIMITED,240000000.00,1
KPMG LLP,240000000.00,1
AECOM LIMITED,240000000.00,1
TURNER AND TOWNSEND PROJECT MANAGEMENT LIMITED,240000000.00,1
OVE ARUP & PARTNERS LIMITED,240000000.00,1
Netzsch Pumps & Systems Ltd,200000000.00,1
Seepex UK Ltd,200000000.00,1
NOV PROCESS & FLOW TECHNOLOGIES UK LIMITED,200000000.00,1
SELWOOD LTD,200000000.00,1
Xylem Water Solutions UK Ltd,200000000.00,1
Integrated Water Services Ltd,200000000.00,1
Grundfos Pumps Ltd,200000000.00,1
Mechanica Utilities Ltd,200000000.00,1
Lanes Group Limited,187000000.00,1
Biomarsh Environmental Ltd,187000000.00,1
Austin Contract Services Limited - ACS,187000000.00,1
Countrystyle Recycling Limited,187000000.00,1
Biffa Waste Services Limited,187000000.00,1
FGS Organics Limited,187000000.00,1
MTS Cleansing Services Limited,187000000.00,1
Asprey St John & Company Limited trading as Envirovue,187000000.00,1
MECHANICA UTILITIES LTD,171440000.00,1
CIVIL SAFETY TRAINING & RESCUE LIMITED,171440000.00,1
HORIZON SPECIALIST CONTRACTING LIMITED,171440000.00,1
INVERTER DRIVES SOUTHERN LIMITED,171440000.00,1
ROSS-SHIRE ENGINEERING LIMITED,171440000.00,1
ERIKS Industrial Service Limited,171440000.00,1
Rhames Limited,171440000.00,1
D R CLARK SERVICES LLP,171440000.00,1
QUANTUM CONTROLS LTD,171440000.00,1
Bridges (Electrical Engineers) Ltd,171440000.00,1
Jacopa Limited,171440000.00,1
MTS CLEANSING SERVICES LIMITED,171440000.00,1
G.A. ELECTRICAL SERVICES (MECHANICAL & ELECTRICAL CONTRACTORS) LIMITED,171440000.00,1
ATAC SOLUTIONS LIMITED,171440000.00,1
J.R. PRIDHAM SERVICES LIMITED,171440000.00,1
XYLEM WATER SOLUTIONS UK LTD,171440000.00,1
UNITSPARK LIMITED,171440000.00,1
GEL ENGINEERING LIMITED,171440000.00,1
Glenfield Invicta,171440000.00,1
RESCUE 2 LIMITED,171440000.00,1
Ward & Burke Construction Limited,158800000.00,2
SERVITECH INTERNATIONAL LIMITED,157096000.00,1
ACCORD TECHNICAL LTD,157096000.00,1
Brenntag UK Ltd,104000000.00,1
Tennants Distribution,104000000.00,1
Kemira OYJ,104000000.00,1
Industrial Chemicals Limited,104000000.00,1
Tarmac Cement and Lime,104000000.00,1
M GROUP WATER (MEICA MAINTENANCE & PROJECTS) LIMITED,93800000.00,1
R & B SWITCHGEAR GROUP LTD,93800000.00,1
DALE POWER SOLUTIONS LIMITED,93800000.00,1
UK POWER NETWORKS (OPERATIONS) LIMITED,93800000.00,1
POWER ELECTRICS (BRISTOL) LIMITED,93800000.00,1
P & I GENERATORS LIMITED,93800000.00,1
WB POWER SERVICES LIMITED,93800000.00,1
Future Water MJJV Limited,88400000.00,1
Adecco UK Ltd,85900580.64,1
Sensus UK Systems Limited,55763000.00,1
SECURI-PLEX LIMITED,54856233.00,1
Binns Fencing Limited,54856233.00,1
RELIANCE HIGH-TECH LIMITED,54856233.00,1
DETERTECH UK LIMITED,54856233.00,1
LITTLEWOODS FENCING LIMITED,54856233.00,1
TECHNOCOVER LIMITED,54856233.00,1
"ALLEN (FENCING) LIMITED,",54856233.00,1
ORBIS PROTECT LIMITED,54856233.00,1
RS Components Limited,54000000.00,1
EU Automation,54000000.00,1
Edmundson Electrical Ltd,54000000.00,1
Radwell International UK Ltd,54000000.00,1
Pirtek (UK) Limited,54000000.00,1
Buxton Lime Ltd,44800000.00,1
Certas Energy UK LTD,44800000.00,1
Solenis UK Ltd,44800000.00,1
Yara UK LTD,44800000.00,1
SNF UK Ltd,44800000.00,1
Kemira Chemical UK Ltd,44800000.00,1
SLUDGE TEK LIMITED,39000000.00,1
SERPECON LIMITED,39000000.00,1
RHAMES LTD,39000000.00,1
ALFA LAVAL LIMITED,39000000.00,1
GEA MECHANICAL EQUIPMENT UK LIMITED,39000000.00,1
South East Water,28724305.00,1
ALS LABORATORIES (UK) LIMITED,28724305.00,1
"ALS LABORATORIES (UK) LIMITED,",28724305.00,1
Longwood Engineering Company Ltd,23108525.00,1
Rotamat Huber,23108525.00,1
M&N Hydro,23108525.00,1
Jacopa,23108525.00,1
SERPECON LTD,23108525.00,1
D R CLARK SERVICES,23108525.00,1
Wilo,23108525.00,1
Gel Engineering Ltd,23108525.00,1
JACOPA LTD,23108525.00,1
Nightjar Engineering & Construction Limited,23108525.00,1
WGM Engineering,13000000.00,1
Barhale Ltd,13000000.00,1
Binnies UK Ltd,13000000.00,1
Ward and Burke Construction Ltd,13000000.00,1
Tone Scaffolding,12000000.00,1
Formula Scaffolding,12000000.00,1
Esher Scaffolding Group,12000000.00,1
First Safety Scaffolding,12000000.00,1
AVK UK Ltd,8193880.00,1
Glenfield Invicta Ltd,8193880.00,1
Auma Actuators Ltd,8193880.00,1
AVK UK Limited,8193880.00,1
Rotork UK Ltd,8193880.00,1
HVL Solutions Ltd,8193880.00,1
Deloitte LLP,6000000.00,1
Detectronic,5486140.00,1
IETG Limited,5486140.00,1
Metasphere Ltd,5486140.00,1
H W M Water Ltd,5486140.00,1
DMSLive,5486140.00,1
Fisher German LLP,4000000.00,1
Enviromontel,3477200.00,1
Skewb Limited,3406160.00,1
IMServ Europe Limited,2500000.00,1
SKEWB LIMITED,2500000.00,1
Murphy Geospatial UK Limited,2093000.00,1
Texo Group Limited,2093000.00,1
SOCOTEC UK LIMITED,2093000.00,1
RPS Environmental Management Limited,2093000.00,1
WSP UK Limited,2093000.00,1
Lloyds British,2080000.00,1
GAP Group,2080000.00,1
Street Cranexpress ltd,2080000.00,1
Coussens of Bexhill Ltd,2080000.00,1
Arco Limited,1664000.00,1
Crossland Tankers Limited,1291528.00,1
C. C. JENSEN LIMITED,1250000.00,1
Southern Water Services Limited,723311.07,1
Sedgwick International UK Ltd,542000.00,1
ServiceMaster Limited,535925.00,1
Pinsent Masons LLP,500000.00,1
GX Environmental Limited,479800.00,1
Create 51 Limited,315000.00,1
SOUTHERN WATER LIMITED,200000.00,1
WATER RESEARCH CENTRE LIMITED,196470.00,1
Breathe Safety Limited,87145.00,1
Chichester College Group,87145.00,1
Newsquest Media Group Ltd,0.00,1
Oliver and Graimes Design Associates Limited,0.00,1
Impero Design Ltd,0.00,1
Built Environment Communications Group Limited,0.00,1
Bold Content Video Limited,0.00,1
Dentons Global Advisors UK ltd,0.00,1
Mediaworks UK Limited,0.00,1
Bauer Radio Limited,0.00,1
Portland PR Limited,0.00,1
Create 51 Ltd,0.00,1
Tuskerdirect Ltd,0.00,1
